epoch,train_loss,dev_loss,learning_rate
1,24.1997,6.5175,0.0002176536
2,4.8522,3.4653,0.0004353073
3,3.3461,3.0005,0.0006529609
4,2.9686,2.7298,0.0008706146
5,2.7224,2.6015,0.0009416881
6,2.5486,2.4765,0.0008596396
7,2.4177,2.3736,0.0007958717
8,2.3178,2.3317,0.0007444698
9,2.238,2.2586,0.0007018928
10,2.1685,2.2186,0.000665874
11,2.1092,2.1886,0.000634886
12,2.0613,2.1535,0.000607857
13,2.0175,2.137,0.0005840101
14,1.9801,2.1222,0.0005627663
15,1.9483,2.1247,0.0005436839
16,1.9193,2.1145,0.0005264196
17,1.894,2.1033,0.0005107021
18,1.8714,2.0871,0.0004963132
19,1.8492,2.0844,0.0004830758
20,1.8308,2.0897,0.000470844
